Company_ID,Month,GSTR_3B_Declared,GSTR_2A_Supplier_ITC,Bank_Inflow,Bank_Outflow,Is_Fraudulent_Flag,GSTR_Mismatch_Ratio,Bank_vs_GST_Ratio,Velocity_Ratio
COMP_1,2024-01,24519741.34,24176489.56,25569999.55,17150378.57,False,0.013998996777345335,1.0428331684024201,1.4909290751050124
COMP_1,2024-02,25439128.28,25039360.7,25193580.25,20560113.12,False,0.01571467290859551,0.9903476240499542,1.2253618877286658
COMP_1,2024-03,26385765.03,26121085.45,26448032.59,21137929.02,False,0.01003115049721194,1.0023598921588668,1.2512120422849238
COMP_1,2024-04,25523907.8,24860428.14,25395755.33,20209999.78,False,0.02599443882962154,0.9949791203210661,1.2565934858909984
COMP_1,2024-05,24156522.1,22964899.33,24874927.86,20695302.25,False,0.04932923560217318,1.029739618850182,1.2019600563234076
COMP_1,2024-06,25945190.44,24979710.19,25792944.51,20717443.98,False,0.037212301533601694,0.9941320172479721,1.2449867507745156
COMP_1,2024-07,26205840.53,25539775.59,26554197.04,21985642.32,False,0.02541666004711818,1.013293086691923,1.2077971362268056
COMP_1,2024-08,24645858.09,23798043.86,24464380.31,20179492.1,False,0.03439986657814926,0.9926365809890938,1.2123386939783931
COMP_1,2024-09,24525803.0,23539511.16,24325156.47,17930889.0,False,0.0402144565868037,0.9918189618500972,1.3566061957883853
COMP_1,2024-10,25621292.32,24783270.75,24505057.55,19159735.1,False,0.03270801330133687,0.95643331507019,1.2789872168437644
COMP_1,2024-11,26306996.03,25700313.8,26477569.95,22078846.35,False,0.0230616308037661,1.0064839755860182,1.199227909422545
COMP_1,2024-12,29545462.61,28114077.1,29825076.88,24610174.64,False,0.048446880960852826,1.0094638650168015,1.2119002040572189
COMP_2,2024-01,39217780.16,37974268.93,38527083.47,32009716.82,False,0.031707843353875255,0.9823881747722052,1.2036058451576814
COMP_2,2024-02,41239492.62,40704120.47,41719621.6,34822108.9,False,0.012982025626095071,1.0116424560414488,1.1980785116067882
COMP_2,2024-03,43929404.97,43360001.42,44592737.05,33300207.65,False,0.012961786083577745,1.0150999559509855,1.3391128421653298
COMP_2,2024-04,41399005.72,39555750.72,40150284.79,35395419.15,False,0.04452413694345121,0.9698369342866431,1.1343355897415446
COMP_2,2024-05,41675437.12,40716596.46,41333379.04,35033468.13,False,0.02300733300622898,0.9917923337188983,1.1798254659457985
COMP_2,2024-06,44900545.38,42858086.48,43968562.83,35750254.83,False,0.04548850983243905,0.9792434024550816,1.2298810682384982
COMP_2,2024-07,44094723.58,42663801.83,44796354.82,35196791.9,False,0.03245108788138592,1.0159119092498006,1.2727396768016328
COMP_2,2024-08,45338704.74,43937316.51,44977229.77,36132988.85,False,0.030909313312685607,0.9920272320951179,1.2447691142281712
COMP_2,2024-09,39066251.22,37880870.7,39880776.01,30823913.12,False,0.03034282745289723,1.0208498323889086,1.293825821559874
COMP_2,2024-10,42799924.31,41669350.74,42124320.37,35831478.78,False,0.026415317041480074,0.9842148332995497,1.1756232404756128
COMP_2,2024-11,41603051.04,40918728.63,41247870.16,35186616.88,False,0.016448851535961685,0.9914626242277638,1.172260155854456
COMP_2,2024-12,42740295.6,40938925.35,43912971.46,34567396.46,False,0.04214688327986201,1.0274372426193514,1.2703580450571763
COMP_3,2024-01,28267537.23,27252517.67,28528138.83,21383960.9,False,0.035907604958339646,1.0092191122940637,1.334090425497812
COMP_3,2024-02,27911779.28,27036366.05,28997612.04,22115428.76,False,0.031363576689905685,1.0389023125006598,1.3111936939361561
COMP_3,2024-03,27338542.27,26881123.58,26891636.85,22282720.13,False,0.016731641558736313,0.9836529169848821,1.2068381008365652
COMP_3,2024-04,26548828.36,25854484.99,26540607.07,21202722.06,False,0.02615344679564613,0.9996903332271948,1.2517546446696834
COMP_3,2024-05,29808303.27,28660957.12,29179583.87,23188227.83,False,0.03849082383547551,0.9789079105138883,1.2583791579738348
COMP_3,2024-06,28516709.29,27837930.34,29334292.18,24333013.9,False,0.023802849869428228,1.0286703098062828,1.2055346327018441
COMP_3,2024-07,25059345.99,24254546.96,25801267.3,19091930.14,False,0.03211572362347983,1.0296065711489863,1.3514226041776936
COMP_3,2024-08,28878718.82,28162925.74,29299096.57,22209078.55,False,0.0247861785164887,1.0145566620396216,1.3192395706466817
COMP_3,2024-09,29147193.41,28390736.95,29134438.08,24064540.41,False,0.025952977679849994,0.9995623822225153,1.2106791309097296
COMP_3,2024-10,29415422.32,28943931.28,30553116.6,23651427.37,False,0.016028702048565355,1.0386767957170027,1.2918085166794515
COMP_3,2024-11,28040914.33,27513474.78,28521817.84,23677063.32,False,0.018809641646945437,1.0171500652346952,1.204617998858399
COMP_3,2024-12,29504189.74,28797663.55,29756753.18,19960028.6,False,0.023946639315504812,1.0085602567711796,1.4908170867642399
COMP_4,2024-01,20548277.01,19582759.81,20415920.82,16072096.83,False,0.04698774498368527,0.9935587694318317,1.2702710645459032
COMP_4,2024-02,21980457.53,21180382.91,22080451.0,19020945.82,False,0.03639936151956892,1.004549198753644,1.1608492052973418
COMP_4,2024-03,19666936.09,19397024.88,19739559.74,14317488.72,False,0.013724110800219767,1.0036926773782993,1.3787025607167678
COMP_4,2024-04,22659034.87,22115934.44,22895568.71,18463697.2,False,0.023968383168828218,1.0104388311928132,1.2400315723314845
COMP_4,2024-05,21653651.52,20881021.83,21803688.9,17567919.59,False,0.0356812655494329,1.006928964376351,1.2411081202411103
COMP_4,2024-06,22291919.96,22060799.97,22422582.92,17037322.74,False,0.010367881744359273,1.0058614493607756,1.3160859805320577
COMP_4,2024-07,23380856.21,22537311.15,23602428.6,19563348.16,False,0.036078450353722195,1.0094766585111299,1.2064615525167062
COMP_4,2024-08,20365167.53,19968251.16,20837067.39,15456467.38,False,0.01948996341008745,1.0231719115153284,1.348113092701193
COMP_4,2024-09,22415930.56,21602131.05,22600987.93,16960295.32,False,0.03630451601470334,1.0082556184542357,1.3325821379281184
COMP_4,2024-10,21541770.63,21009502.95,21158536.32,16354716.61,False,0.02470863185492936,0.982209711700008,1.2937267903092826
COMP_4,2024-11,21303357.91,20330180.85,21448711.56,18330881.17,False,0.04568186217925673,1.006823039382527,1.1700861617616298
COMP_4,2024-12,21961037.31,21299889.65,21844794.53,20555716.67,False,0.030105484120230758,0.9947068629610193,1.0627113526608385
COMP_5,2024-01,23809757.52,22839696.55,23794906.51,16924867.24,False,0.040742160821468074,0.9993762637024958,1.405913840662195
COMP_5,2024-02,20646394.7,19710292.1,20896682.42,14510049.18,False,0.045339760941410165,1.012122587194364,1.4401523193078305
COMP_5,2024-03,21252020.71,20975450.1,21273540.43,15992656.65,False,0.013013850013324186,1.0010125964158256,1.3302067045748334
COMP_5,2024-04,20276704.08,19856185.63,19336648.4,15949636.83,False,0.02073899428333519,0.9536386349432783,1.2123565817669728
COMP_5,2024-05,22046166.72,21005572.81,21898276.18,16371792.08,False,0.04720067316990698,0.9932917798418972,1.3375612599667672
COMP_5,2024-06,22352644.03,21901868.4,21894191.36,16559912.06,False,0.020166546266070638,0.9794900026419827,1.322119945960634
COMP_5,2024-07,21370500.57,20903332.76,22130830.65,15438654.46,False,0.021860405584313305,1.035578487153799,1.433468782779611
COMP_5,2024-08,20366998.44,19665140.5,19885007.05,16797677.53,False,0.03446054862073242,0.9763346871449949,1.1837949520516273
COMP_5,2024-09,20727723.52,20478353.64,20442851.98,14964839.04,False,0.012030741328606787,0.9862564965359013,1.366058836937625
COMP_5,2024-10,22990887.36,22142959.4,22570884.07,17869629.07,False,0.03688104537779793,0.9817317494786769,1.2630862520143933
COMP_5,2024-11,20469130.29,20232642.46,20712976.44,16738037.27,False,0.011553389257360491,1.0119128730212408,1.2374793333532033
COMP_5,2024-12,18935504.59,18498737.3,18730514.33,15883880.45,False,0.023066049701715347,0.9891742911298884,1.17921519302198
COMP_6,2024-01,48615426.69,7379371.32,184467718.44,124312322.22,True,0.8482092656091423,3.7944276333574645,1.4839053254080115
COMP_6,2024-02,39887105.13,6708166.67,87534221.31,78510330.12,True,0.8318211700714616,2.1945493668870824,1.1149388884401383
COMP_6,2024-03,60332381.59,6675255.16,174125988.7,132598744.02,True,0.8893586663731768,2.886111638743283,1.3131797640598815
COMP_6,2024-04,48463939.26,6918229.75,98315997.37,90107279.79,True,0.8572499500528633,2.028642303353696,1.0910993707504155
COMP_6,2024-05,48417120.54,6659472.12,90287871.47,55519292.12,True,0.8624562541983832,1.8647922566028747,1.6262431741494046
COMP_6,2024-06,44568355.04,6316287.66,71893503.37,60407256.57,True,0.8582786451433725,1.613106503604985,1.1901467847086045
COMP_6,2024-07,56290247.7,6551173.01,80204963.17,57526439.23,True,0.8836179750902038,1.4248465133330723,1.3942278167974171
COMP_6,2024-08,48533698.53,6915132.36,138764288.01,110456635.08,True,0.8575189493187797,2.8591327719280657,1.25627841779916
COMP_6,2024-09,63108549.93,6413532.47,179642877.84,136583522.69,True,0.8983730021191441,2.8465695700386062,1.3152602377409055
COMP_6,2024-10,64899051.56,6910146.64,106710777.26,87325833.33,True,0.8935246899007225,1.6442578850531355,1.221984056364641
COMP_6,2024-11,59712557.3,6371153.97,146298028.77,124504103.32,True,0.8933029456770561,2.450037904673696,1.1750458313726377
COMP_6,2024-12,69066263.07,6791887.75,164509340.95,124393686.62,True,0.9016612822512738,2.381905921032192,1.3224894614632374
COMP_7,2024-01,4900975.69,4669501.18,5014868.22,3867438.04,False,0.04723029140346556,1.0232387461607668,1.2966896615906323
COMP_7,2024-02,5349215.09,5135060.11,5305574.55,4349345.97,False,0.04003484182199888,0.9918416927968399,1.2198554372864854
COMP_7,2024-03,5073719.53,4855253.8,5168185.5,4231977.53,False,0.04305829849447757,1.0186186819041612,1.221222050954025
COMP_7,2024-04,4991977.45,4864342.23,4964916.89,3840554.22,False,0.02556806822114145,0.9945791902565585,1.292760188460459
COMP_7,2024-05,5555473.72,5400265.89,5673830.54,4164933.82,False,0.02793782093527752,1.021304541424417,1.3622855543271144
COMP_7,2024-06,4762804.33,4587053.34,4836216.13,3969096.35,False,0.036900737007602456,1.0154135662339923,1.2184675011813453
COMP_7,2024-07,4893383.97,4736887.9,4892521.07,4153288.94,False,0.031981154750870565,0.9998236598629313,1.1779868828517184
COMP_7,2024-08,5033356.25,4912371.47,5095149.89,4368419.89,False,0.02403660182010766,1.0122768262230593,1.1663596567957992
COMP_7,2024-09,4960783.72,4748093.08,4981006.13,3851791.02,False,0.042874402917932423,1.0040764546776089,1.2931659093057677
COMP_7,2024-10,5129472.08,5060770.46,5247896.65,3981141.85,False,0.013393506959102136,1.0230870873557811,1.3181884819832577
COMP_7,2024-11,4902237.09,4836841.1,5035588.86,3997996.8,False,0.013340030031064903,1.0272022277894357,1.2595276715760075
COMP_7,2024-12,5444690.01,5297852.82,5411768.78,4354509.85,False,0.026968879721400243,0.9939535161892532,1.2427960261024498
COMP_8,2024-01,47432060.92,45396674.62,48160939.39,39938201.21,False,0.042911614222981655,1.0153667889579865,1.2058865127870262
COMP_8,2024-02,48072157.87,47134738.35,47544077.35,32546789.72,False,0.019500258809580163,0.9890148363751827,1.4607915649509544
COMP_8,2024-03,45624734.63,44372179.02,44854490.8,32172858.27,False,0.02745343332202959,0.9831178452598924,1.3941717279018826
COMP_8,2024-04,46856898.69,46306984.66,47647443.94,34987293.08,False,0.011736031307538532,1.0168714804458179,1.3618499284640877
COMP_8,2024-05,43897717.15,41710151.02,43048637.8,33148842.39,False,0.04983325493954519,0.980657778920515,1.2986467519704312
COMP_8,2024-06,48964952.86,47031619.27,48824635.7,37701533.29,False,0.039484028413705616,0.9971343348292158,1.2950304707612472
COMP_8,2024-07,44793122.5,44041171.56,44132487.13,33126479.63,False,0.01678719629335949,0.985251410637872,1.3322419493615856
COMP_8,2024-08,49108974.04,48167270.68,48324963.79,36002169.9,False,0.019175789729041538,0.9840352956801457,1.342279162115749
COMP_8,2024-09,44758558.68,44253116.48,43272469.42,34362662.34,False,0.01129263798715341,0.9667976515815724,1.2592874129645388
COMP_8,2024-10,41853216.17,40425549.6,41312221.92,32638069.3,False,0.03411127508579229,0.9870740100879564,1.2657679066277396
COMP_8,2024-11,49326301.43,47019455.23,47619300.34,36423204.99,False,0.046767062056612886,0.9653936938202748,1.3073890407416056
COMP_8,2024-12,45925387.12,44710651.23,45826202.09,40246945.52,False,0.026450204694540215,0.9978403006219451,1.1386255617485785
COMP_9,2024-01,24195053.02,3253336.17,62569186.52,49575290.28,True,0.8655371340864291,2.5860322136214937,1.2621042641305082
COMP_9,2024-02,36880276.4,3713366.6,86546721.15,69433395.98,True,0.8993129400733015,2.346693940449969,1.246471077526704
COMP_9,2024-03,29583156.8,3554005.65,78464247.67,56695868.09,True,0.8798638808553386,2.6523284245986893,1.3839499937013842
COMP_9,2024-04,34035577.45,3747364.0,72191212.9,54687792.38,True,0.8898986213615717,2.121051508705929,1.3200608113473677
COMP_9,2024-05,22460359.41,3834148.65,66339559.63,56400628.75,True,0.8292926404244036,2.9536285871037182,1.1762201933569723
COMP_9,2024-06,22874726.01,3729647.36,83034892.72,71191220.87,True,0.8369533537420499,3.6299841442341276,1.166364202480291
COMP_9,2024-07,29815013.23,3837420.65,60057173.6,52555076.29,True,0.871292337843447,2.0143265789186438,1.142747317611261
COMP_9,2024-08,36212394.72,3561403.99,93494062.82,66187796.16,True,0.9016523481107134,2.5818249122409873,1.4125574022956349
COMP_9,2024-09,27947943.68,3324987.64,52911814.71,42360111.51,True,0.881029256460846,1.8932274701793017,1.2490952354649447
COMP_9,2024-10,25675596.02,3741222.68,50092689.74,37445547.03,True,0.8542887698853894,1.9509844951984878,1.3377475394369331
COMP_9,2024-11,21794326.64,3592060.02,40589979.69,30973753.25,True,0.8351837118285936,1.86241035846015,1.3104636707059816
COMP_9,2024-12,24909365.49,3574467.51,48969457.87,36719405.36,True,0.8565010613604352,1.9659054699590424,1.3336124606672426
COMP_10,2024-01,16888201.01,16394291.79,16795785.48,13614005.68,False,0.02924581604088821,0.9945278049482429,1.233713621183562
COMP_10,2024-02,19153382.53,18841582.56,19221617.76,15356833.0,False,0.01627910733321539,1.0035625681204416,1.2516653992613322
COMP_10,2024-03,18130254.69,17777718.03,18155276.44,14678336.13,False,0.019444661204591172,1.001380110231645,1.2368755588052092
COMP_10,2024-04,18825334.96,18094523.36,18976020.08,14321833.01,False,0.038820642583668616,1.008004379221946,1.3249713735510609
COMP_10,2024-05,17844468.62,17644273.56,18076826.82,13955972.25,False,0.011218886046044804,1.0130213011632956,1.295275255704578
COMP_10,2024-06,18219314.1,17747678.86,18326321.97,14130198.74,False,0.025886552995977058,1.0058733204451422,1.2969612820207734
COMP_10,2024-07,17659759.1,16889292.07,17203771.38,14194266.2,False,0.04362839977811482,0.9741792785837038,1.2120225114544836
COMP_10,2024-08,16670486.12,16348268.02,16553864.81,11577069.54,False,0.01932865650590876,0.9930043245793483,1.429883730327517
COMP_10,2024-09,18603921.25,18060997.73,18117370.26,16336860.02,False,0.029183284142314865,0.9738468582261925,1.1089872306448747
COMP_10,2024-10,17917525.26,17338615.56,18447681.16,16113352.67,False,0.03230969074129844,1.0295886788106583,1.1448691276693115
COMP_10,2024-11,16105591.67,15364961.61,15739715.95,11744839.64,False,0.04598589577926388,0.9772826899193328,1.3401387411247156
COMP_10,2024-12,17952183.23,17414876.04,18130476.48,14187384.76,False,0.029929907862242856,1.0099315636274284,1.277929337138148
COMP_11,2024-01,32510783.38,31976720.46,32103752.97,25045667.18,False,0.0164272547283048,0.9874801414274625,1.2818086041575913
COMP_11,2024-02,31835541.38,31296408.28,30242007.3,26558230.86,False,0.016934943670808646,0.9499448097653178,1.1387055983025822
COMP_11,2024-03,33922159.21,32408542.8,33864553.39,26159460.92,False,0.04462028494795217,0.9983018233113233,1.2945431941055765
COMP_11,2024-04,34529619.44,33948295.91,34894470.87,27981946.37,False,0.0168355035308203,1.0105663322074538,1.2470351119097254
COMP_11,2024-05,36672277.55,35894855.93,37860174.88,28122825.92,False,0.021199163835407802,1.032392243115536,1.3462435688879886
COMP_11,2024-06,34222190.08,33436887.68,34413668.26,22687678.18,False,0.022947169604406525,1.0055951468784547,1.516843921626716
COMP_11,2024-07,32509935.97,31390787.87,32310509.36,27045978.77,False,0.034424801729315675,0.9938656720153485,1.194651095459279
COMP_11,2024-08,30508735.13,30015271.33,32207325.69,21949500.93,False,0.01617450864145349,1.055675548421204,1.4673374271868957
COMP_11,2024-09,33025779.08,32517955.31,32756645.31,28082303.46,False,0.015376587143330445,0.991850797240905,1.1664514697024975
COMP_11,2024-10,32313172.26,31660910.65,33028152.32,27097241.63,False,0.02018562599647414,1.0221265821333507,1.2188750261782633
COMP_11,2024-11,32069535.97,31220538.73,33630583.54,26580950.55,False,0.02647363656256852,1.0486769615706417,1.2652136804334981
COMP_11,2024-12,32935120.4,31511507.18,33046921.48,26495306.29,False,0.043224776551902294,1.0033945854347022,1.2472745123613926
COMP_12,2024-01,22367176.06,22100474.64,22525158.83,18541609.95,False,0.011923785965853308,1.0070631522538298,1.2148436773235176
COMP_12,2024-02,22714904.02,21805851.82,22949378.5,18711962.84,False,0.0400200766509776,1.010322494860359,1.2264548337220387
COMP_12,2024-03,21527981.49,20766959.97,21234880.49,16927404.1,False,0.03535034254621145,0.9863851146408618,1.254467555100929
COMP_12,2024-04,22837716.04,22071915.64,22608979.69,20447770.64,False,0.03353226735364902,0.9899842720874815,1.1056940623188611
COMP_12,2024-05,22776121.99,21979776.25,22910751.85,15571634.07,False,0.034964061939501336,1.0059110089092038,1.4713131759772227
COMP_12,2024-06,23838067.77,23049040.82,23260947.6,17147424.59,False,0.03309945074461877,0.9757899769575159,1.3565271053612429
COMP_12,2024-07,21335872.14,20927055.16,21359307.16,14626741.79,False,0.019161015650893398,1.001098385847376,1.4602914310220123
COMP_12,2024-08,23751272.85,23197568.18,24186477.53,20295893.63,False,0.02331263143229824,1.0183234255590643,1.1916930970980313
COMP_12,2024-09,24054188.9,23262179.86,24038635.34,20410072.83,False,0.03292603393498748,0.9993533949506817,1.17778287037191
COMP_12,2024-10,22962563.85,22601474.79,23265075.02,17326221.59,False,0.0157251194752803,1.0131741025077214,1.3427667167007116
COMP_12,2024-11,23983565.38,23644997.99,23964948.24,16494933.44,False,0.014116641318155867,0.9992237542790229,1.4528671409499703
COMP_12,2024-12,22912734.81,22264762.47,22938010.25,21200797.47,False,0.028280008710143138,1.001103117554914,1.08194086569231
COMP_13,2024-01,14026240.31,13482001.69,13767550.06,12192942.9,False,0.038801461259150564,0.9815566934344075,1.1291407696872944
COMP_13,2024-02,14196265.12,13746116.07,13976566.79,10473539.69,False,0.031708977410249924,0.9845242161834182,1.3344643615453409
COMP_13,2024-03,12312771.05,11962100.47,12681180.07,9961358.59,False,0.028480232319433897,1.029920886086808,1.2730370744501958
COMP_13,2024-04,15301071.96,14773825.03,15334549.11,12796107.93,False,0.03445816942618977,1.0021878957296269,1.198375943334518
COMP_13,2024-05,13839751.16,13309833.38,13901721.14,11244966.61,False,0.038289545373588876,1.0044776802186377,1.2362615546920193
COMP_13,2024-06,12744543.13,12307805.46,13150631.84,9869873.99,False,0.03426860151400342,1.0318637322544806,1.3324010540482032
COMP_13,2024-07,12846004.6,12211493.57,12813687.41,11907405.55,False,0.049393648045245084,0.9974842613710414,1.0761106842362747
COMP_13,2024-08,13868769.57,13508734.82,13824942.07,10798999.9,False,0.025960107577156895,0.9968398422240136,1.280205659580971
COMP_13,2024-09,12830800.84,12426684.19,12406138.11,10117163.72,False,0.03149582438690556,0.96690286636855,1.2262465278908692
COMP_13,2024-10,13939172.69,13606331.34,13845561.48,12314577.12,False,0.023878128021097043,0.9932843066025607,1.1243228428194016
COMP_13,2024-11,13339300.83,13130750.46,12938283.31,10667003.04,False,0.01563428043627075,0.9699371410008152,1.2129256969888615
COMP_13,2024-12,12623322.47,12285560.0,12565019.25,10538079.85,False,0.02675701827333582,0.9953813094659856,1.1923441686253526
COMP_14,2024-01,34982729.79,33912015.22,34524379.23,27921402.96,False,0.030606947383107586,0.9868978046381325,1.236484357285879
COMP_14,2024-02,36977192.03,35783116.6,37058433.1,31670316.92,False,0.03229221486129161,1.0021970589311944,1.170131389069428
COMP_14,2024-03,35153147.89,34365806.07,34512968.4,25727352.25,False,0.0223974769617709,0.9817888431498872,1.341489272706278
COMP_14,2024-04,32740534.06,31365717.1,32447161.11,22715221.98,False,0.04199128082274163,0.9910394574058454,1.4284324278290663
COMP_14,2024-05,33604888.15,32144332.59,34589773.33,24110271.06,False,0.04346259250977447,1.0293077952113345,1.4346488187242794
COMP_14,2024-06,37468594.74,36023717.0,39289454.34,33627562.82,False,0.03856236803184688,1.0485969546665737,1.168370523369064
COMP_14,2024-07,35179478.76,33750690.57,32668926.71,27618286.91,False,0.040614251272664326,0.9286358940356285,1.182872986785371
COMP_14,2024-08,34904280.97,34449822.53,34325806.71,29531874.63,False,0.01302013470469716,0.9834268392322079,1.1623307351033971
COMP_14,2024-09,36315068.82,34788746.81,37006154.8,28585738.66,False,0.04202999084389448,1.0190302814356609,1.2945669848026593
COMP_14,2024-10,38053846.23,36833501.1,37467419.56,29255741.25,False,0.03206890369567763,0.9845895559030855,1.280686001395162
COMP_14,2024-11,40854063.21,39891098.22,40975812.71,34649946.16,False,0.02357084985770261,1.002980107495653,1.182564940742611
COMP_14,2024-12,36512222.83,35334014.9,37141668.06,30347863.23,False,0.03226886337448439,1.0172393018340922,1.2238643147508244
COMP_15,2024-01,131162955.07,13475197.13,206960690.51,153605180.67,True,0.8972636967289396,1.5778898119484097,1.34735487605247
COMP_15,2024-02,128074947.64,13945697.35,338918344.49,311439622.2,True,0.8911129958905053,2.646250111635025,1.0882312950666324
COMP_15,2024-03,90372467.74,12501130.29,257372667.19,188951282.72,True,0.8616710309829589,2.8479101392965904,1.3621112390609167
COMP_15,2024-04,124221173.28,13635237.99,350806032.83,280939087.86,True,0.890234187699503,2.8240437887288965,1.2486907188796952
COMP_15,2024-05,110514107.9,13735184.94,207445800.02,162285630.29,True,0.8757155516069637,1.8770979014526343,1.2782758299118917
COMP_15,2024-06,135276255.61,13152143.44,322001122.6,254033287.3,True,0.902775669087726,2.3803225565935664,1.2675548340725078
COMP_15,2024-07,99405585.51,12524791.2,186724993.81,150904179.84,True,0.8740031444335687,1.8784155120862482,1.2373745562952954
COMP_15,2024-08,73920457.84,12535143.32,131180915.7,109427694.24,True,0.830423895004382,1.7746226083168968,1.1987908126209752
COMP_15,2024-09,77374734.94,14239757.26,284298647.53,195141637.42,True,0.8159637345311467,3.6743085162160294,1.4568835735513754
COMP_15,2024-10,79690578.17,12585004.97,254848318.91,207855497.04,True,0.8420766261332296,3.1979730196754828,1.2260840887689997
COMP_15,2024-11,93219976.13,12324991.63,241626554.41,184456951.6,True,0.8677859387904995,2.59200403648505,1.3099346541519303
COMP_15,2024-12,74210137.43,13867176.16,195866054.08,158144715.17,True,0.8131363633023797,2.639343637717341,1.2385241747150812
COMP_16,2024-01,10829693.92,10307600.3,10880090.19,8866587.24,False,0.0482094529962486,1.004653526717586,1.2270886947153417
COMP_16,2024-02,10142092.86,9848281.57,9884885.02,7439658.26,False,0.028969493186044356,0.9746395696085157,1.328674429102819
COMP_16,2024-03,11589088.28,11195853.8,11425849.22,8809473.6,False,0.033931442275629865,0.9859144174195558,1.2969955347847875
COMP_16,2024-04,10662843.75,10523047.32,10873055.9,8213340.87,False,0.013110614136121024,1.0197144546922579,1.3238284820110624
COMP_16,2024-05,10819797.64,10674074.35,11240876.31,9350757.49,False,0.013468208449783999,1.0389174256312617,1.2021352409027943
COMP_16,2024-06,11072145.3,10640728.75,11080945.81,8863998.84,False,0.038964133716706255,1.0007948333192485,1.2501067249568
COMP_16,2024-07,10846311.27,10437112.4,11005633.35,8755650.84,False,0.037727007810647056,1.0146890565865163,1.2569747576897712
COMP_16,2024-08,10498700.68,10375166.48,10236023.96,9766929.41,False,0.011766617962099978,0.9749800734389544,1.0480287593243947
COMP_16,2024-09,10311146.66,9906527.5,10236605.17,8149528.29,False,0.039240947039347045,0.9927707855917549,1.256097721197343
COMP_16,2024-10,10620958.22,10335567.69,10760492.83,8917170.2,False,0.02687050679312447,1.013137666782009,1.2067159627932231
COMP_16,2024-11,10667603.82,10338002.78,10526017.84,9253002.63,False,0.03089738291386987,0.9867274804736795,1.137578483798779
COMP_16,2024-12,11397726.44,11117480.4,11202648.71,10680740.12,False,0.02458788965284195,0.9828845049908043,1.0488643610154276
COMP_17,2024-01,19907268.22,19457132.76,19961011.76,17366083.41,False,0.022611613759630007,1.0026996943732345,1.149425010770174
COMP_17,2024-02,20368751.61,19905360.47,20722257.42,16583251.92,False,0.02275010019624863,1.017355300745405,1.2495894213256684
COMP_17,2024-03,18809551.83,18603097.61,19029812.99,15125027.72,False,0.01097603078828906,1.0117100695428956,1.2581670648226047
COMP_17,2024-04,21245085.71,20234611.91,21764813.15,16270090.22,False,0.04756270762063217,1.0244634193099706,1.337719183973942
COMP_17,2024-05,19656316.35,18966375.35,18679550.13,15287206.16,False,0.035100218561551585,0.9503077686272584,1.2219073068412583
COMP_17,2024-06,21636297.11,21055269.92,21258687.2,18167628.64,False,0.026854280427285077,0.98254738747207,1.1701409386502661
COMP_17,2024-07,19867599.62,19440653.66,19547815.94,14896586.36,False,0.02148955929080681,0.9839042619080121,1.3122345049638269
COMP_17,2024-08,19396177.15,19169557.5,18646057.82,14345998.55,False,0.011683727584432715,0.9613264343690531,1.2997391889643548
COMP_17,2024-09,19090815.12,18174485.63,19351451.8,16212227.94,False,0.047998447643025625,1.0136524647251417,1.193633020580821
COMP_17,2024-10,19954707.68,19001086.55,20876504.52,15301372.7,False,0.04778928087008684,1.0461944547012276,1.364354921937499
COMP_17,2024-11,21347574.69,20696312.69,22039709.41,16397349.66,False,0.030507540526609582,1.0324221711389172,1.3441018532197444
COMP_17,2024-12,19634996.74,19265476.93,19853093.18,15096494.38,False,0.01881944850274514,1.011107536348896,1.315079604919536
COMP_18,2024-01,25044536.62,24034502.0,24456706.18,18993331.32,False,0.04032953914561191,0.9765285958802459,1.287646936722476
COMP_18,2024-02,26122563.13,25008871.4,25754124.89,19979032.53,False,0.0426333252390919,0.9858957852578841,1.2890575938685058
COMP_18,2024-03,28529144.64,27581878.66,29064259.13,21949198.85,False,0.03320344833163566,1.0187567659932477,1.3241603032741076
COMP_18,2024-04,25026286.17,23886340.76,25298321.45,21376965.2,False,0.045549923079138195,1.0108699819922182,1.183438342621321
COMP_18,2024-05,24435659.88,23792070.33,24486845.4,17863299.13,False,0.026338128504021424,1.002094705862308,1.370790683792872
COMP_18,2024-06,24588309.25,23630919.06,24174778.74,19660470.21,False,0.03893680448971908,0.9831818241020374,1.2296133943983938
COMP_18,2024-07,26407563.27,26063070.41,25847286.25,21104366.18,False,0.013045234673028558,0.9787834638784527,1.224736379420783
COMP_18,2024-08,27037463.01,26247334.71,27689405.5,22093845.47,False,0.02922346300419407,1.0241125615135884,1.253263234973498
COMP_18,2024-09,27210344.3,26322490.4,26594402.17,22562719.79,False,0.0326292784174731,0.9773636774599725,1.1786877308603172
COMP_18,2024-10,25062538.09,24012491.91,25530203.37,20578455.2,False,0.04189704076375928,1.0186599329373827,1.2406277284298908
COMP_18,2024-11,26038601.59,24906429.31,26410957.25,22219617.14,False,0.0434805331648381,1.0143001404554306,1.1886323645884223
COMP_18,2024-12,27013093.4,26074538.19,26662360.08,22259548.17,False,0.03474445507229458,0.9870161734235147,1.1977942534403987
COMP_19,2024-01,22298979.81,21777077.67,22364411.12,17070381.56,False,0.023404754138839544,1.0029342737003,1.310129462031225
COMP_19,2024-02,23043378.22,22058995.49,23056625.77,19907695.06,False,0.042718681288910446,1.0005748961750973,1.1581765012138727
COMP_19,2024-03,22701739.07,21900991.05,22722822.88,19016457.11,False,0.03527254090670859,1.0009287310516162,1.19490300183981
COMP_19,2024-04,20968734.43,20306134.69,20839660.03,17004752.8,False,0.031599414939034946,0.9938444353696744,1.2255196561563861
COMP_19,2024-05,22767271.02,21662610.32,23485557.15,19590077.8,False,0.048519679808335645,1.0315490657342734,1.1988495498037506
COMP_19,2024-06,20866142.74,19879568.05,20679835.78,16895409.66,False,0.0472811243694194,0.991071327253846,1.2239913072346713
COMP_19,2024-07,23694009.31,23393236.98,23207564.05,16810948.29,False,0.01269402430229729,0.9794696940633557,1.3805028883053636
COMP_19,2024-08,23571886.68,22750721.81,23308389.84,19302089.13,False,0.03483662046859972,0.9888215634337166,1.2075578179884916
COMP_19,2024-09,24247065.39,23341878.43,24215180.37,17335447.22,False,0.037331815023409765,0.9986849946792675,1.3968592021787367
COMP_19,2024-10,22029840.21,20930882.08,21391849.92,15201904.98,False,0.0498849796241896,0.9710397223076364,1.4071820959913608
COMP_19,2024-11,22981605.56,22114112.26,22750845.32,19674383.83,False,0.0377472887059679,0.989958915646797,1.1563688276193997
COMP_19,2024-12,23960379.95,23458880.07,24271961.3,19049489.4,False,0.020930380947485724,1.0130040237529707,1.2741527878352066
COMP_20,2024-01,34333008.3,33561268.21,35396788.74,29463704.43,False,0.022478079498789397,1.0309841896377023,1.2013692175987791
COMP_20,2024-02,33310084.19,31983227.6,33545761.55,26168481.72,False,0.03983348052894849,1.007075255608953,1.2819146569916227
COMP_20,2024-03,35810880.58,34777332.06,37043369.54,26471844.52,False,0.028861298668461727,1.034416605792384,1.3993497171178717
COMP_20,2024-04,35202735.52,34563874.51,36347894.21,23794769.85,False,0.018148050160392913,1.0325303892747024,1.5275580689191632
COMP_20,2024-05,35830815.38,34085838.53,35646780.93,28375093.2,False,0.04870045047799862,0.9948637939704066,1.2562700472021693
COMP_20,2024-06,32590558.34,32263046.91,33658298.52,28518431.36,False,0.010049273368785118,1.0327622549101747,1.1802296176422793
COMP_20,2024-07,35571735.13,34895103.61,34447865.32,29248245.93,False,0.01902160570821734,0.9684055386701627,1.1777753860750793
COMP_20,2024-08,33194763.78,32430055.39,32229840.79,29817740.14,False,0.023037018581248073,0.9709314699030522,1.0808947813543195
COMP_20,2024-09,38361712.26,37371143.67,38066280.85,33020141.15,False,0.02582180334616785,0.9922987950069152,1.1528200174631895
COMP_20,2024-10,36229490.81,34486636.9,36416432.8,29833385.62,False,0.048105945488997714,1.0051599397568236,1.2206603716785807
COMP_20,2024-11,33849328.73,33371657.28,34144978.22,26532193.44,False,0.014111696388727635,1.0087342792632095,1.286926277327553
COMP_20,2024-12,35016464.5,33990683.25,34589616.89,26005868.17,False,0.029294255278113527,0.9878100883086013,1.3300696340463825
COMP_21,2024-01,21271813.59,20984332.26,20403185.52,16731147.01,False,0.013514660082163602,0.9591653026515639,1.21947313524483
COMP_21,2024-02,20961793.67,20686289.88,20541878.63,16474816.62,False,0.013143140054579252,0.9799675997860348,1.2468653130983796
COMP_21,2024-03,22944751.63,21980533.6,23238831.24,17789682.22,False,0.042023467743241706,1.0128168574121976,1.3063094464702896
COMP_21,2024-04,20584065.21,20292127.31,21160153.68,17418888.17,False,0.014182713522408347,1.02798710867473,1.2147820376768605
COMP_21,2024-05,21115233.31,20305201.85,20842028.89,17307378.81,False,0.038362420538179565,0.9870612644440632,1.2042278564868452
COMP_21,2024-06,21769769.94,20853934.8,22226740.36,16833218.58,False,0.0420691234920786,1.020991054166372,1.3204093402552763
COMP_21,2024-07,22439184.62,21808806.64,22527864.1,18401638.89,False,0.028092731116359095,1.003951992084461,1.2242313312653355
COMP_21,2024-08,23349822.64,22433024.99,23045612.74,18114925.69,False,0.039263580890308736,0.9869716397982883,1.272189125265513
COMP_21,2024-09,20715259.98,19699495.28,20890994.13,15503739.47,False,0.049034610281536,1.008483318585896,1.3474808979435915
COMP_21,2024-10,20495313.37,19642955.5,20485330.27,18591575.81,False,0.04158794035555657,0.9995129081551584,1.1018608308135216
COMP_21,2024-11,22870917.11,22433209.16,23070499.56,17007011.54,False,0.019138189688450113,1.0087264734090062,1.356528638156693
COMP_21,2024-12,21646436.5,20840991.43,21535010.8,15511204.24,False,0.037209130010844985,0.9948524691350468,1.3883518699414747
COMP_22,2024-01,43487744.22,41959124.23,43248781.24,36690138.05,False,0.035150592826035575,0.9945050500023385,1.1787576269760691
COMP_22,2024-02,42740431.26,41449935.43,43554459.92,40488465.34,False,0.030193795241550362,1.0190458691220985,1.075725110312983
COMP_22,2024-03,40316994.35,39275985.09,40378772.98,35296975.81,False,0.025820606837969752,1.0015323223121169,1.1439725616546363
COMP_22,2024-04,44535772.95,42677818.71,43744629.9,32593417.12,False,0.04171824394034688,0.9822357849073774,1.3421307866190746
COMP_22,2024-05,39775674.57,38047822.34,37958069.77,33310740.11,False,0.04343992273365979,0.9543036084328061,1.1395144180267085
COMP_22,2024-06,39683480.09,38643280.55,41000930.05,34277884.7,False,0.026212407219348952,1.0331989522343326,1.1961335774569082
COMP_22,2024-07,41634300.91,40530107.33,39698572.98,33084018.59,False,0.026521247045480853,0.9535064144781865,1.1999319753757889
COMP_22,2024-08,39645069.98,39094172.56,40921694.73,28453709.7,False,0.013895735845034682,1.0322013493895716,1.4381848174902543
COMP_22,2024-09,44888076.18,44268151.19,45682349.52,32936454.27,False,0.013810460210282108,1.0176945284269923,1.3869843960290875
COMP_22,2024-10,43367968.35,42242056.19,44857020.97,38028529.15,False,0.025961837799579647,1.034335309599533,1.1795623126391068
COMP_22,2024-11,38265537.13,37523684.63,37842604.98,30324634.87,False,0.019386961627631018,0.9889474398709426,1.2479162204034076
COMP_22,2024-12,43208467.37,42204493.8,44894491.4,33292170.36,False,0.023235574671113365,1.0390206858198034,1.3484999495689247
COMP_23,2024-01,50436661.85,49595293.78,51294308.78,42485521.36,False,0.016681676366732037,1.017004434840487,1.2073361919705017
COMP_23,2024-02,49783919.85,48340921.24,50164204.73,40897593.83,False,0.028985234878004477,1.0076387090680243,1.226580803553821
COMP_23,2024-03,49333014.53,48433493.69,49568618.31,38660110.91,False,0.018233648370565195,1.0047757831595052,1.2821643772111886
COMP_23,2024-04,45623748.31,45063330.18,46287692.06,36617496.95,False,0.01228347408442037,1.0145525910209896,1.2640866976548844
COMP_23,2024-05,48634800.21,47533404.65,48556287.52,37476120.32,False,0.022646244155302194,0.9983856684994903,1.2956593641425431
COMP_23,2024-06,46937963.67,46190066.92,47798174.77,38363544.11,False,0.015933728085396507,1.0183265534493096,1.2459269505189898
COMP_23,2024-07,49257307.45,47801563.72,46404072.62,37260360.78,False,0.029553863281660233,0.9420748924837952,1.2454004846755944
COMP_23,2024-08,47862442.69,47326433.89,48923249.42,35801332.26,False,0.011198943678484393,1.0221636563112906,1.3665203210367816
COMP_23,2024-09,48353617.14,45994130.74,47334888.09,39351549.66,False,0.04879648182613704,0.9789316888734418,1.2028722450857545
COMP_23,2024-10,45389717.75,44130152.68,45216617.34,36805235.04,False,0.027750008866270166,0.9961863519188772,1.2285376268435964
COMP_23,2024-11,48957179.15,46617781.45,49442522.89,39090134.74,False,0.0477845688950401,1.0099136377631759,1.2648337477991065
COMP_23,2024-12,51615776.5,49823992.13,51823374.16,44004138.32,False,0.034713889657360816,1.0040219807600879,1.1776931661618963
COMP_24,2024-01,45329980.42,43377457.0,45457844.2,38165996.02,False,0.043073555335985336,1.0028207331839831,1.1910561166836249
COMP_24,2024-02,47962413.41,46814051.9,48290886.65,35704119.05,False,0.023942946744222187,1.0068485552883275,1.3525298083911188
COMP_24,2024-03,45735487.66,43460902.82,45371139.65,35823446.93,False,0.049733477358093976,0.9920335820466466,1.2665207363248911
COMP_24,2024-04,44424530.32,43467296.13,44693208.85,33795177.03,False,0.021547423981859166,1.006047976828672,1.3224729519201175
COMP_24,2024-05,45953153.38,43879947.16,45825529.9,38577442.68,False,0.04511564642487231,0.9972227481551778,1.1878840464423432
COMP_24,2024-06,43110634.38,42031709.27,43955251.85,31611295.49,False,0.02502689012854186,1.0195918589959752,1.3904919041806756
COMP_24,2024-07,46409982.5,44813791.34,45052921.22,32441609.11,False,0.03439327218018228,0.9707592805060851,1.3887387545574568
COMP_24,2024-08,46326746.56,44847070.79,47312177.35,42264189.62,False,0.03193998888058335,1.0212713143739485,1.1194388596101785
COMP_24,2024-09,43304973.65,41855016.24,43274917.12,35620712.42,False,0.03348246835845833,0.9993059335344959,1.214880696232838
COMP_24,2024-10,41664901.97,39982732.67,44283096.9,33400725.0,False,0.04037377313910903,1.0628393397369609,1.32581240599381
COMP_24,2024-11,40386073.19,39212138.12,40524170.11,34373477.31,False,0.029067819108758476,1.0034194193466226,1.1789371370720614
COMP_24,2024-12,39165790.6,37604053.57,39306330.62,34898247.63,False,0.03987502884724102,1.0035883360924673,1.1263124128874085
COMP_25,2024-01,43048428.37,41021648.88,43386000.83,32815893.17,False,0.04708138175405345,1.0078416906907397,1.3221032651203237
COMP_25,2024-02,42987412.52,41722083.61,42238939.24,32274363.89,False,0.029434870252107087,0.982588547760306,1.308745792022927
COMP_25,2024-03,45715802.35,44272716.71,45151261.01,38671720.9,False,0.031566451113594,0.9876510678806887,1.167552381731417
COMP_25,2024-04,40175639.69,38623010.84,39690861.49,28952952.97,False,0.03864602684562741,0.9879335287816049,1.3708743339669671
COMP_25,2024-05,43306574.41,41693633.42,43168665.59,34873432.14,False,0.03724471427201011,0.9968155223109,1.237866814451524
COMP_25,2024-06,40691146.85,39130159.16,40821746.06,30646073.27,False,0.03836185044757481,1.0032095239409553,1.3320383452819977
COMP_25,2024-07,46645587.33,45152505.84,46575484.45,37608528.38,False,0.032009061852667955,0.9984971165760216,1.238428761183323
COMP_25,2024-08,42663185.51,40612957.76,43692352.43,34949620.89,False,0.048056133771807515,1.0241230678791853,1.2501523640947179
COMP_25,2024-09,42980291.16,42185938.29,43325158.32,31370013.78,False,0.018481793597975183,1.0080238442014315,1.3811009852511138
COMP_25,2024-10,47413287.79,45346331.49,47152208.21,39711890.53,False,0.04359445202692612,0.9944935356274731,1.1873573983344328
COMP_25,2024-11,45228067.07,44278628.56,44594121.82,35515453.46,False,0.020992241577128225,0.9859833662796414,1.2556258253776544
COMP_25,2024-12,46319306.43,44619295.43,46541155.02,35244319.41,False,0.036701996014753366,1.0047895490476584,1.3205292222571758
COMP_26,2024-01,40509806.29,38696166.66,40034985.09,37406860.82,False,0.04477038515110616,0.9882788578004825,1.070257785393664
COMP_26,2024-02,37515961.9,36873019.4,36718071.19,28624590.92,False,0.01713783860090763,0.9787319671523602,1.2827456647284143
COMP_26,2024-03,42593813.93,41730209.28,41580127.97,32909907.38,False,0.020275353867565682,0.9762010990218927,1.263453167048896
COMP_26,2024-04,41775101.95,41120445.34,42332365.43,30183490.22,False,0.015670975759282363,1.0133396079001071,1.4025006292827382
COMP_26,2024-05,40156218.23,39038604.96,41679339.08,34218335.98,False,0.027831636525101032,1.037929887751783,1.2180410492877203
COMP_26,2024-06,40359171.31,38981762.18,40909102.29,31735497.53,False,0.03412877631753343,1.01362592348034,1.2890644289494322
COMP_26,2024-07,39885178.53,38456826.73,40577667.51,28654507.75,False,0.03581159349520416,1.0173620629397242,1.416100616626345
COMP_26,2024-08,44711646.63,43608241.74,45750676.98,32300743.03,False,0.024678243213249348,1.0232384720383534,1.4163970011807805
COMP_26,2024-09,44002249.74,42383666.38,43813099.46,35633390.46,False,0.03678410466655379,0.995701349791939,1.2295517677339827
COMP_26,2024-10,40189212.79,39351432.58,41547316.4,33900758.87,False,0.02084589748939944,1.0337927397855857,1.225557083656013
COMP_26,2024-11,40925489.71,40204669.29,39666592.42,32446726.12,False,0.017612994373623143,0.9692392858602156,1.2225144395395648
COMP_26,2024-12,40340921.54,39351852.07,40331015.2,32501470.38,False,0.024517770845152557,0.9997544344645133,1.2408981343785552
COMP_27,2024-01,15514552.13,15250616.74,15538135.92,11643134.27,False,0.017012117899919073,1.001520107690018,1.3345319417559254
COMP_27,2024-02,15568198.41,15078841.56,15533566.63,11750948.06,False,0.03143310723003559,0.9977754792758966,1.3218988994579133
COMP_27,2024-03,14538129.79,14006085.57,14897539.45,11242401.84,False,0.036596469262914655,1.0247218634853033,1.3251205869438494
COMP_27,2024-04,14031289.34,13805432.72,14371715.83,11324455.02,False,0.016096640481650788,1.0242619535347706,1.2690866390949171
COMP_27,2024-05,16843510.81,16615028.97,16976007.88,13030586.89,False,0.013564977193730196,1.0078663570495847,1.3027814265408404
COMP_27,2024-06,15366147.94,14704747.37,15583766.0,13027959.82,False,0.04304270481987826,1.0141621739455933,1.1961784515099578
COMP_27,2024-07,14500050.0,14304216.53,14113991.11,11663250.36,False,0.013505709980310459,0.9733753407746869,1.2101249192317844
COMP_27,2024-08,15627571.71,15280311.87,15282712.9,10819834.76,False,0.022220972422592817,0.9779326682097816,1.4124718007734343
COMP_27,2024-09,15386449.83,14666738.19,16153618.07,12502494.94,False,0.04677567911713657,1.049859990347104,1.292031458960026
COMP_27,2024-10,15092034.89,14427125.14,15116734.33,11999005.61,False,0.0440569979360815,1.0016365877881959,1.25983215288853
COMP_27,2024-11,15786795.49,15080774.2,15695145.39,13078129.49,False,0.04472226744479103,0.994194508945273,1.2001061927009415
COMP_27,2024-12,15545694.84,15200779.94,15491297.42,11849126.69,False,0.022187165228054893,0.9965008048491965,1.3073787223234827
COMP_28,2024-01,38319956.79,37055147.83,38412097.61,26883083.48,False,0.033006534086960825,1.0024045126278442,1.428857527066031
COMP_28,2024-02,36598388.59,35344716.73,36220505.82,30983786.06,False,0.034254837666337995,0.989674879562778,1.1690148060293313
COMP_28,2024-03,35522942.97,34488182.34,35772703.33,25609808.25,False,0.02912936101251172,1.007030959124387,1.3968359928334881
COMP_28,2024-04,37068984.75,36579725.47,36763482.6,30214364.42,False,0.013198615589276456,0.9917585509271333,1.2167550795445434
COMP_28,2024-05,38218659.84,36497130.59,38327239.78,31961819.64,False,0.045044207651630724,1.0028410190324455,1.1991569632936905
COMP_28,2024-06,36153056.8,35791045.39,36188525.42,28505419.19,False,0.010013300175491563,1.0009810683560236,1.2695313796039152
COMP_28,2024-07,34574317.3,33447967.51,33493762.85,26686877.8,False,0.0325776436950787,0.9687469042230373,1.2550648242161613
COMP_28,2024-08,35889181.71,34834611.71,36352810.95,31177487.56,False,0.02938406365799528,1.012918356393476,1.1659954867769504
COMP_28,2024-09,35894898.66,35290909.91,34645051.32,27334380.14,False,0.016826590199377375,0.9651803630415934,1.2674532905119211
COMP_28,2024-10,35965274.06,34610652.01,37059461.52,31196782.35,False,0.03766472202436498,1.030423442851418,1.1879257263233198
COMP_28,2024-11,35646036.0,34974746.1,35116129.15,29391290.62,False,0.018832105202384875,0.9851341997746959,1.194780059482122
COMP_28,2024-12,35100445.0,33558811.15,35716162.1,29262477.81,False,0.04392063547912289,1.0175415753276063,1.2205446548771035
COMP_29,2024-01,36267838.49,35206445.91,34691042.53,28277666.93,False,0.02926539391898581,0.956523575000623,1.2267999827947622
COMP_29,2024-02,33522589.93,31894971.27,33142314.75,26165357.15,False,0.048552891151868116,0.9886561515445534,1.2666486183755907
COMP_29,2024-03,38027958.77,36762162.83,37735879.58,28533411.4,False,0.033285929114832816,0.9923193566142597,1.3225154794314051
COMP_29,2024-04,36622041.1,35349134.85,37307047.71,28393488.56,False,0.03475792751485935,1.0187047632907604,1.3139296468355615
COMP_29,2024-05,33465408.4,33044257.37,33808658.82,26567607.27,False,0.012584667276912643,1.010256872287266,1.2725518411898806
COMP_29,2024-06,34816589.69,34098182.59,34809545.65,31715165.17,False,0.02063404562010663,0.9997976815057787,1.0975678154550246
COMP_29,2024-07,34368572.03,33850019.34,34053607.08,26825363.67,False,0.015087990549835992,0.9908356695842623,1.2694555134262038
COMP_29,2024-08,36576545.33,35257286.91,36900471.88,31466668.09,False,0.036068426039075625,1.008856127528652,1.172684397400259
COMP_29,2024-09,35044481.73,33353624.47,35763702.63,28850449.24,False,0.04824888760025609,1.020523085647014,1.239623726232704
COMP_29,2024-10,35887538.81,34367509.95,35745564.34,28028603.23,False,0.0423553386607957,0.9960439061939673,1.2753244523585756
COMP_29,2024-11,35435015.46,33973433.86,35543246.68,28315502.48,False,0.04124681705444362,1.0030543579167384,1.2552574495136612
COMP_29,2024-12,37925355.2,36960004.87,36780447.96,29817431.46,False,0.025453956196565975,0.9698115618439876,1.2335216323317195
COMP_30,2024-01,16927455.65,16725794.93,17015213.68,14467108.02,False,0.011913232807672359,1.0051843603560113,1.176130881192461
COMP_30,2024-02,17440694.58,17192780.31,17444190.84,13479390.52,False,0.014214701648654154,1.0002004656399415,1.2941378558607222
COMP_30,2024-03,16301043.13,15491475.69,15560360.93,12542927.38,False,0.04966353585741364,0.9545622820519462,1.2405684269720751
COMP_30,2024-04,17965526.93,17489705.69,18416532.97,14541671.19,False,0.026485237079544897,1.025103969494314,1.2664659696196878
COMP_30,2024-05,16846230.94,16622096.78,16604492.51,14275924.16,False,0.013304706601630027,0.9856502958518742,1.163111484818123
COMP_30,2024-06,16982526.01,16281157.93,16689956.59,12838397.4,False,0.04129939677919574,0.9827723261058028,1.3000030120579527
COMP_30,2024-07,17768590.47,17361891.95,17749805.53,14149955.74,False,0.02288862026994534,0.9989428007791775,1.2544070526960496
COMP_30,2024-08,16048527.3,15814888.58,16315455.49,12816618.16,False,0.014558265417911628,1.016632566029906,1.2729921429607338
COMP_30,2024-09,18956514.88,18648176.98,19116265.06,14379428.86,False,0.016265537307456723,1.008427191443747,1.3294174557766507
COMP_30,2024-10,17123954.31,16695175.36,16382266.11,14533324.54,False,0.025039715841194583,0.9566870953651827,1.1272207496426865
COMP_30,2024-11,16519452.37,15740845.96,16268224.52,13177665.63,False,0.047132701046069744,0.9847919988887622,1.2345299799104115
COMP_30,2024-12,18684717.1,18488366.96,18963563.11,14611267.91,False,0.010508595819200313,1.0149237480293452,1.2978724316695913
COMP_31,2024-01,13717383.97,13043368.08,13883512.4,11229390.51,False,0.049135891469836906,1.012110795350143,1.2363548272082643
COMP_31,2024-02,15794471.6,15522431.04,15748036.24,12347748.89,False,0.017223783542084467,0.9970600244708409,1.2753770023114712
COMP_31,2024-03,14019287.25,13576526.63,14274253.23,10836801.53,False,0.03158224894778436,1.0181868004737544,1.3172015629595495
COMP_31,2024-04,14854757.88,14299012.86,14499403.19,11854290.71,False,0.037411920442556645,0.9760780557400777,1.2231353458063332
COMP_31,2024-05,13913045.46,13351968.5,13419797.35,11589574.24,False,0.04032740075586592,0.964547797143473,1.157919688349165
COMP_31,2024-06,15674636.92,15451473.54,15988741.68,12700395.48,False,0.014237228022504066,1.0200390453445987,1.258916735802566
COMP_31,2024-07,13752604.4,13308096.94,13688546.58,11412353.85,False,0.03232169319143659,0.9953421317056135,1.199449785773179
COMP_31,2024-08,15187828.93,14500457.69,14927961.72,11678798.59,False,0.045258031491404234,0.9828897723830236,1.2782102822264458
COMP_31,2024-09,14872901.93,14539196.29,15115887.0,12462905.08,False,0.02243715729254463,1.0163374350979804,1.212870168720713
COMP_31,2024-10,15052074.92,14531286.23,14754922.34,13160591.4,False,0.03459912953980962,0.9802583642734087,1.1211442381575467
COMP_31,2024-11,15823589.08,15128586.8,16654354.84,12906108.26,False,0.04392191155156055,1.0525017273767576,1.2904241320517071
COMP_31,2024-12,14858619.07,14703476.3,15104378.96,12479607.56,False,0.010441264377874623,1.016539887646504,1.2103247379419406
COMP_32,2024-01,31181930.79,29776684.95,30670332.71,27638048.0,False,0.04506603037072548,0.9835931237406227,1.1097141013824818
COMP_32,2024-02,31268961.18,29847854.71,30206536.19,27293418.83,False,0.045447831215734646,0.9660230161186315,1.106733285097458
COMP_32,2024-03,34588400.52,34238063.93,34068948.08,25032219.83,False,0.01012873057825929,0.9849818889514812,1.3610038162962308
COMP_32,2024-04,33920743.68,32503945.68,34043615.81,25719111.29,False,0.04176789322090712,1.0036223300750464,1.3236699395428475
COMP_32,2024-05,35438963.03,34992639.63,35229152.16,31083709.3,False,0.01259414389812067,0.9940796554960597,1.1333638043847036
COMP_32,2024-06,35106882.24,33968492.3,36252019.01,29764387.73,False,0.03242640380930634,1.0326185835065482,1.2179661856606856
COMP_32,2024-07,30909768.27,29580587.15,31421541.37,23463297.72,False,0.043001976216368476,1.0165570021596284,1.339178337409839
COMP_32,2024-08,31901127.64,31507402.74,32613098.32,24485286.91,False,0.01234203707289396,1.0223180411687791,1.3319466954962997
COMP_32,2024-09,33418601.72,32392959.36,33874454.47,24827198.69,False,0.03069076224653003,1.0136406889138987,1.364408990662128
COMP_32,2024-10,31597561.12,30866781.88,31064661.55,25064381.61,False,0.02312771030728216,0.9831347879041621,1.2393946435212035
COMP_32,2024-11,32672362.31,31384204.62,31780104.92,24464759.7,False,0.03942652440548299,0.9726907598068932,1.2990155640475978
COMP_32,2024-12,34864392.24,33628550.83,34620611.91,28347649.82,False,0.035447094602788456,0.9930077562137936,1.2212868053805102
COMP_33,2024-01,43589400.19,41445417.68,42389217.02,35986837.05,False,0.04918586859774814,0.9724661691886429,1.1779089055032999
COMP_33,2024-02,41100950.02,39726846.38,42481770.7,34391001.07,False,0.033432405804035004,1.0335958336565962,1.235258298479699
COMP_33,2024-03,41684720.59,40497985.25,40600166.07,27690936.25,False,0.028469312573122935,0.9739819649826277,1.4661896671626744
COMP_33,2024-04,41220813.97,39263067.2,41970386.58,35919882.19,False,0.047494131761318926,1.0181843233504688,1.1684444060687937
COMP_33,2024-05,43151709.35,42708059.37,43277679.21,33929696.36,False,0.010281168154929746,1.002919232213451,1.2755103221468875
COMP_33,2024-06,40791840.11,38878502.02,40531581.92,32596113.17,False,0.046904922279565095,0.9936198467806753,1.2434482744971929
COMP_33,2024-07,44840054.0,42643187.92,44218874.36,33474780.48,False,0.04899338613642165,0.986146768690332,1.3209608070606589
COMP_33,2024-08,38779788.87,37081560.74,38223048.08,30084660.34,False,0.04379157750685287,0.9856435322052335,1.270516149343498
COMP_33,2024-09,45197994.25,44120617.89,47036020.67,38579029.52,False,0.023836817935787038,1.0406661058858824,1.2192120962089952
COMP_33,2024-10,41373974.4,40817205.47,42025175.57,31255693.8,False,0.013456984446725034,1.0157393912343118,1.344560594122515
COMP_33,2024-11,40654878.35,38813804.92,40767156.68,34881461.28,False,0.045285424645723965,1.0027617431057938,1.1687341646618605
COMP_33,2024-12,42128043.44,40379370.68,42040011.54,38664234.12,False,0.04150852062452198,0.9979103729294864,1.0873100530638404
COMP_34,2024-01,45197535.18,6479924.71,136449727.95,111082199.09,True,0.8566310157358452,3.0189639193063624,1.228367171693097
COMP_34,2024-02,65507153.12,6976392.29,99549943.08,77605345.02,True,0.8935018244920487,1.5196804980616139,1.282771718514657
COMP_34,2024-03,63642034.57,7344204.29,87352383.22,68126165.7,True,0.8846013591548194,1.372557992688322,1.282214858861272
COMP_34,2024-04,42771775.62,7104998.89,132437553.3,100626725.54,True,0.8338858093448495,3.0963772576715862,1.3161270156925446
COMP_34,2024-05,52431939.89,6749612.49,79603575.26,63590841.21,True,0.871269067973445,1.5182267798407794,1.2518087902833581
COMP_34,2024-06,46983760.39,7491220.97,178379035.78,144042669.99,True,0.8405572285441327,3.796610452192884,1.238376340524703
COMP_34,2024-07,64228430.92,6681944.18,90829142.28,73975612.19,True,0.895965943986352,1.4141578889438018,1.2278254733315042
COMP_34,2024-08,76107060.05,7321780.61,133384288.49,110917828.98,True,0.9037963021408288,1.7525875838899916,1.2025504692442235
COMP_34,2024-09,58571229.08,6742639.03,81910571.31,65757054.08,True,0.8848813805701343,1.3984779318549345,1.2456544960893952
COMP_34,2024-10,49501484.11,7871735.56,220065195.69,165467241.54,True,0.84097980693856,4.445628240175202,1.329962307414421
COMP_34,2024-11,44970719.0,6174171.06,150713515.39,134149032.07,True,0.8627068635482568,3.351369930064938,1.1234782088317887
COMP_34,2024-12,67024290.36,7126760.07,157513669.82,130110462.22,True,0.8936689962441849,2.350098284875,1.2106149338171575
COMP_35,2024-01,20723050.59,19700557.48,20923411.61,16231562.17,False,0.049340858652027225,1.0096685099102487,1.2890570914742032
COMP_35,2024-02,20578030.77,20220611.08,20700668.52,17245320.67,False,0.01736899385538247,1.0059596446020864,1.2003643026277049
COMP_35,2024-03,20792375.94,20072711.86,20308666.49,16659079.75,False,0.0346119213156167,0.9767362108401738,1.2190748574167274
COMP_35,2024-04,22484865.74,21390188.6,22604060.74,17937271.49,False,0.048685064552224315,1.005301121268781,1.2601726796870443
COMP_35,2024-05,22208179.29,21838675.25,22844373.46,17558736.76,False,0.016638196007647554,1.028646840503781,1.301025949145447
COMP_35,2024-06,22037010.14,21673634.47,22051433.14,17335508.0,False,0.01648933624350557,1.0006544898744598,1.2720384004876926
COMP_35,2024-07,22884639.05,21840863.29,22987141.76,18530131.97,False,0.045610322178098836,1.004479105384885,1.2405276204556024
COMP_35,2024-08,20631041.84,20270071.28,20742851.58,16818624.32,False,0.017496477531257756,1.005419490729897,1.2333262193155272
COMP_35,2024-09,22900341.71,22383389.3,23061003.72,19828392.63,False,0.022574004202490134,1.007015703609778,1.163029348232684
COMP_35,2024-10,20877916.83,20285597.64,20839848.4,14363954.69,False,0.02837060779688898,0.9981766174130314,1.4508432669775242
COMP_35,2024-11,20478572.14,20131450.85,20885149.02,17243592.61,False,0.016950463519962926,1.0198537709182296,1.2111830916664708
COMP_35,2024-12,21576022.19,21273407.71,21332090.25,16817744.79,False,0.014025499108925435,0.9886943043600939,1.2684274406552318
COMP_36,2024-01,21958395.61,21193427.85,22510456.01,18662781.77,False,0.0348371426394935,1.0251411992845503,1.2061682487236067
COMP_36,2024-02,20694407.85,20097343.42,20710115.09,16695777.03,False,0.028851486562346824,1.000759008912642,1.240440250989609
COMP_36,2024-03,21544730.75,21049112.3,21204295.42,16735281.87,False,0.023004160773742753,0.9841986732649236,1.2670413511809377
COMP_36,2024-04,21363600.04,21000520.15,21191808.17,17650889.07,False,0.016995257789894507,0.991958664753209,1.2006084727714812
COMP_36,2024-05,20612369.01,19876192.55,20932904.23,16620144.33,False,0.03571527657218091,1.0155506249594355,1.2594898428604775
COMP_36,2024-06,23201366.28,22686007.62,23678703.12,17033574.41,False,0.022212427224350517,1.020573652182349,1.390119370129351
COMP_36,2024-07,21916114.49,21113997.94,22208677.43,17981973.22,False,0.0365993958630756,1.01334921571675,1.2350522338809138
COMP_36,2024-08,20895724.6,20126149.84,20491888.65,16873439.82,False,0.03682929282098222,0.9806737522756209,1.214446352027446
COMP_36,2024-09,19347882.19,18485304.38,18466783.04,13376478.03,False,0.044582544049489185,0.9544601759847701,1.3805413964753923
COMP_36,2024-10,22047050.07,20965156.94,21964358.59,16598600.74,False,0.04907201310674027,0.9962493177210805,1.3232655939367095
COMP_36,2024-11,20916237.5,19988943.99,21092638.55,17269602.14,False,0.04433366708520123,1.0084336893764951,1.2213736690419394
COMP_36,2024-12,20876383.16,20038019.43,21247424.45,16151269.12,False,0.04015847589951977,1.0177732554128882,1.3155265370547837
COMP_37,2024-01,18410126.12,18175698.25,18306286.04,13163051.59,False,0.012733637372822139,0.9943596214755317,1.390732576264819
COMP_37,2024-02,19262787.55,18434846.12,19515365.23,16881640.82,False,0.04298139237900694,1.0131122081549406,1.1560110940678636
COMP_37,2024-03,18431965.04,17996671.45,18724805.99,15887093.17,False,0.023616233486519235,1.015887668480517,1.178617423024943
COMP_37,2024-04,18874692.01,18470554.4,18260882.84,14631794.87,False,0.021411613486773028,0.9674797782302991,1.2480274466814305
COMP_37,2024-05,19098660.11,18404366.46,19630809.88,14507206.75,False,0.03635300309033033,1.0278631991425078,1.3531763119612041
COMP_37,2024-06,18095688.24,17561232.35,18161407.02,16022973.03,False,0.02953498551210655,1.0036317369711716,1.133460429131083
COMP_37,2024-07,17715701.43,17297032.85,17676748.95,13863435.71,False,0.023632627906621826,0.9978012454006456,1.2750625490466858
COMP_37,2024-08,18433859.08,17550428.69,18961867.54,14496825.07,False,0.04792433240191597,1.0286434032997935,1.30800131342129
COMP_37,2024-09,20082215.92,19775605.92,20527661.18,16796082.45,False,0.015267737445978022,1.022181081100536,1.222169515953435
COMP_37,2024-10,18134396.5,17248882.16,17809428.54,13663468.76,False,0.048830648431007886,0.9820800234515662,1.3034338167994013
COMP_37,2024-11,19098486.09,18702032.89,19090928.7,16144769.33,False,0.020758357397112372,0.9996042937663023,1.1824837585038597
COMP_37,2024-12,18564839.69,18377022.15,18604263.53,14416013.71,False,0.010116841466784722,1.0021235755685645,1.2905275073765514
COMP_38,2024-01,54554810.67,7066109.28,92763043.26,70131758.31,True,0.870476880164746,1.7003641314259188,1.3226966523107462
COMP_38,2024-02,57111016.01,7473859.22,150702236.07,113742995.9,True,0.8691345428228532,2.638759500331992,1.32493639324884
COMP_38,2024-03,49852836.72,7220008.9,87862517.43,71484658.58,True,0.8551735593191737,1.7624376707685172,1.229110104828452
COMP_38,2024-04,69759203.25,6788957.6,151896910.11,129738846.96,True,0.9026801155444676,2.177446172451805,1.170789724885114
COMP_38,2024-05,61100204.65,6945591.8,176800414.51,127160999.62,True,0.8863245738735837,2.893614113451255,1.3903666505294285
COMP_38,2024-06,60995410.43,6468519.08,176805184.73,134177226.67,True,0.8939507245807707,2.8986637434451965,1.3176988957085969
COMP_38,2024-07,50157110.86,7052764.84,127402871.21,101459205.52,True,0.8593865412287026,2.5400759538485107,1.2557053773615496
COMP_38,2024-08,37538555.32,6847274.55,80094977.18,60275829.42,True,0.8175935517062408,2.133672340270553,1.3288075273604834
COMP_38,2024-09,37681831.62,7186649.06,147927707.62,110649619.14,True,0.8092807925985844,3.925703747943238,1.3369020827440141
COMP_38,2024-10,67129572.14,7511746.43,192071399.24,160282952.52,True,0.8881007849367175,2.8612039838334056,1.1983270523900937
COMP_38,2024-11,54207827.97,7181363.95,107212841.75,86886371.25,True,0.8675216436641889,1.9778110609658504,1.233943125643619
COMP_38,2024-12,59473247.2,6960683.57,153226494.42,133422807.08,True,0.8829610976748551,2.576393616187145,1.1484280433381806
COMP_39,2024-01,26052680.11,25711270.53,26617296.96,22298509.3,False,0.013104585730085879,1.0216721215481888,1.1936805016073204
COMP_39,2024-02,26617835.44,25723172.14,26318711.83,19526038.59,False,0.0336114220112558,0.9887622864498405,1.3478776230423488
COMP_39,2024-03,29340732.33,28156128.4,28531791.11,23357759.93,False,0.040374040997905786,0.9724294127732838,1.221512250061376
COMP_39,2024-04,25987055.74,25180612.33,25328598.59,20847153.15,False,0.03103250395383191,0.9746621103757251,1.2149667243670284
COMP_39,2024-05,25909564.84,24860842.23,25976624.63,20527545.16,False,0.04047627262272458,1.0025882252524931,1.2654520139683367
COMP_39,2024-06,27013324.64,26184297.18,27701429.83,20937666.11,False,0.030689575276210832,1.0254728064453453,1.3230428053166234
COMP_39,2024-07,25299638.56,24189349.26,25405064.83,21785674.74,False,0.04388557952584431,1.0041671057770243,1.1661361866023991
COMP_39,2024-08,26591012.95,25707955.7,26092071.21,21461421.82,False,0.03320886089072436,0.9812364522954362,1.2157661413615446
COMP_39,2024-09,24970100.41,24621215.97,25018879.93,17769600.71,False,0.013972087988091568,1.001953517174503,1.40795952201452
COMP_39,2024-10,24525542.63,23973025.06,24505641.71,18175066.51,False,0.022528250580851686,0.9991885635192571,1.3483109042933068
COMP_39,2024-11,26504993.12,25847248.41,26478036.21,20574800.89,False,0.024815879295727237,0.9989829497454327,1.2869157307837389
COMP_39,2024-12,23420520.13,22770246.84,23427229.29,18919316.1,False,0.0277651088186998,1.0002864650299292,1.2382703438064366
COMP_40,2024-01,39368719.76,38136860.66,39681499.99,30478786.31,False,0.03129030122162148,1.0079448920845477,1.3019382820713679
COMP_40,2024-02,38071905.16,36414179.46,38880730.85,29567718.33,False,0.043541968625769596,1.0212446865109812,1.3149722647208315
COMP_40,2024-03,37710256.47,36567716.61,38130228.95,28066451.64,False,0.030297854402261494,1.0111368237533496,1.3585695862275526
COMP_40,2024-04,40875092.05,39108162.36,39860068.51,33039879.82,False,0.043227540327948885,0.9751676757386043,1.2064228901779677
COMP_40,2024-05,40043927.51,39311429.57,39757284.19,33457367.16,False,0.018292360054269752,0.9928417780716335,1.1882968199970931
COMP_40,2024-06,41089550.46,40184776.01,41965043.56,31568396.72,False,0.022019575290335335,1.0213069525024927,1.3293371406497854
COMP_40,2024-07,42791328.44,42110117.63,42545614.91,35206696.29,False,0.015919365788214707,0.9942578662790399,1.2084523168858705
COMP_40,2024-08,40903686.22,39010757.19,41114718.28,30637757.52,False,0.0462777124736119,1.0051592430781169,1.341962345357633
COMP_40,2024-09,36077910.5,35055510.97,36902045.45,27638332.37,False,0.028338656974050677,1.0228432006892418,1.3351762190572347
COMP_40,2024-10,39553874.51,38081274.44,39139710.34,31569219.22,False,0.03723023567837073,0.989529112504635,1.2398060537207658
COMP_40,2024-11,37613115.97,36101638.59,37634838.09,26470584.54,False,0.04018484884914988,1.0005775145036462,1.4217606948335002
COMP_40,2024-12,39249886.45,38085863.28,41348586.5,33277689.93,False,0.029656727070607913,1.0534702196571577,1.242531718531109
COMP_41,2024-01,41814298.05,39900118.83,41118924.64,28852679.53,False,0.045778102449814985,0.9833699609361254,1.4251336057752413
COMP_41,2024-02,35795215.15,34575146.72,36712098.46,29319572.69,False,0.034084679331784926,1.0256146891744553,1.2521361616018776
COMP_41,2024-03,39466232.1,38977685.03,39460131.24,29553838.46,False,0.012378862739217516,0.9998454156965241,1.3351947483306794
COMP_41,2024-04,37592091.62,36747173.15,38257816.71,31556933.23,False,0.022475963256869687,1.017709179279767,1.2123426322456166
COMP_41,2024-05,39301695.07,37914275.89,40150252.95,33572543.62,False,0.03530176440300797,1.0215908723145055,1.1959252241512102
COMP_41,2024-06,40106050.77,39170124.22,40275812.44,35545807.85,False,0.02333629295408196,1.0042328194060677,1.1330678283327345
COMP_41,2024-07,38904883.95,37530909.21,38627514.19,31475185.59,False,0.03531625339805189,0.9928705670898164,1.2272370198520879
COMP_41,2024-08,39431347.47,37932902.21,39255844.98,29824855.24,False,0.038001370892537696,0.9955491632606893,1.3162123788329114
COMP_41,2024-09,37268341.6,35870918.37,37995112.34,33745448.37,False,0.03749625473004691,1.0195010217465648,1.1259329198258652
COMP_41,2024-10,40682803.94,39336950.62,40100293.85,33230039.82,False,0.03308162637916742,0.9856816631700436,1.2067482573137567
COMP_41,2024-11,38220339.29,37106965.69,38700621.36,31431259.17,False,0.0291303955088464,1.0125661383159323,1.2312780700068253
COMP_41,2024-12,37668277.13,36286824.07,37989584.38,29496059.08,False,0.03667417692697649,1.0085299162712198,1.2879545361978393
COMP_42,2024-01,35722805.36,35334102.77,35224305.2,30632834.34,False,0.010881076838249642,0.9860453244089787,1.149887198133583
COMP_42,2024-02,37092981.08,35907518.41,36791443.17,27109651.93,False,0.03195921803759219,0.9918707555655972,1.3571344223771293
COMP_42,2024-03,35297670.05,33928414.9,35709656.32,27996729.5,False,0.03879165814798585,1.0116717695365278,1.2754938052498666
COMP_42,2024-04,38574503.94,36921305.63,40157729.76,32437661.29,False,0.04285727983881353,1.0410433228762346,1.237997035698222
COMP_42,2024-05,31965531.46,31345843.27,33116711.66,23839040.21,False,0.019386137558058337,1.0360131725462012,1.389179680855126
COMP_42,2024-06,34722355.69,33592783.39,34239389.09,30481191.02,False,0.03253155719285811,0.9860906153858943,1.1232956069281703
COMP_42,2024-07,37598486.46,36814111.28,38209266.19,28442752.03,False,0.020861881789695842,1.0162447956688307,1.3433743966239402
COMP_42,2024-08,36190241.37,35554683.51,36701839.23,30635502.84,False,0.017561581131836465,1.0141363483810333,1.1980165046960753
COMP_42,2024-09,38199836.04,36926610.26,38359564.24,26599651.93,False,0.03333066086112974,1.0041813844392617,1.4421076974555849
COMP_42,2024-10,35796372.72,34091823.18,35675059.36,28904850.53,False,0.04761794032409435,0.9966110152850146,1.2342239268371014
COMP_42,2024-11,38537507.1,37270688.05,38683663.01,27208326.63,False,0.0328723663083024,1.0037925626486617,1.421758203446038
COMP_42,2024-12,34406251.37,32773576.81,33890703.31,28112881.64,False,0.0474528463575542,0.9850158607964622,1.2055221708847144
COMP_43,2024-01,15253677.49,14671684.35,14848510.44,12939235.08,False,0.03815428380346598,0.973438074178137,1.147556961492583
COMP_43,2024-02,15018425.24,14287900.5,14701420.22,12809578.74,False,0.048641900087788445,0.9788922596787518,1.1476895041366908
COMP_43,2024-03,14287998.08,13776973.98,14206647.06,11330778.06,False,0.03576596925186594,0.9943063388205606,1.2538102618338407
COMP_43,2024-04,13825841.2,13158440.3,13042601.88,11072349.38,False,0.04827199230380272,0.9433496082683202,1.1779433844108536
COMP_43,2024-05,13124788.03,12799972.01,13069807.62,10166368.8,False,0.02474828692528603,0.9958109487273754,1.2855923871665575
COMP_43,2024-06,14039708.13,13468254.03,14386523.13,11007066.61,False,0.040702705120978996,1.0247024366025763,1.3070259618401674
COMP_43,2024-07,13863696.16,13360525.24,13997487.49,11811253.43,False,0.0362941393256847,1.0096504805396715,1.185097448620451
COMP_43,2024-08,14090638.66,13828135.32,14364262.33,12401349.49,False,0.018629626827716825,1.019418826683616,1.1582821033550192
COMP_43,2024-09,13619465.1,13128271.05,13505616.31,10303354.78,False,0.03606559041735045,0.9916407297082468,1.3107978214453158
COMP_43,2024-10,14940139.86,14405382.89,15402686.52,11383335.13,False,0.03579330414648466,1.0309599953102446,1.3530907235012832
COMP_43,2024-11,14280211.71,13973238.8,14237878.63,11035666.21,False,0.02149638368351614,0.9970355425493899,1.2901692629058537
COMP_43,2024-12,14029091.07,13826223.56,13539798.99,11306758.86,False,0.014460488494070327,0.9651230377250662,1.1974959367360263
COMP_44,2024-01,34429308.19,34058397.63,33648578.46,27149919.71,False,0.010773105226311983,0.9773236881295582,1.2393619421365891
COMP_44,2024-02,35418820.27,34366364.78,35970631.12,24067286.42,False,0.0297145834326797,1.0155795942889543,1.494586011804067
COMP_44,2024-03,37127693.26,36067185.02,37138845.85,29743859.95,False,0.028563806336510192,1.000300384673023,1.2486222253536996
COMP_44,2024-04,38291492.01,36870812.92,39098379.83,29248070.09,False,0.037101690621743844,1.0210722481064274,1.3367849014620266
COMP_44,2024-05,37496925.68,35658055.71,38657508.1,31259051.93,False,0.0490405529694081,1.0309514019870443,1.2366820001414547
COMP_44,2024-06,38374785.39,37806520.47,39127586.2,29275683.38,False,0.014808289198878092,1.0196170689255808,1.3365216570899514
COMP_44,2024-07,33243612.7,32416858.29,33413536.53,26868752.44,False,0.02486957171174119,1.005111473037947,1.2435834287815029
COMP_44,2024-08,37366718.03,35726975.52,37867596.38,31158175.03,False,0.043882433257411715,1.013404397720931,1.2153341820631598
COMP_44,2024-09,33035009.56,32304386.5,32416403.48,26257456.55,False,0.02211662928908802,0.9812742273049307,1.2345598738290637
COMP_44,2024-10,34209646.86,32844758.03,33734102.9,27297297.83,False,0.039897776074266034,0.9860991268940564,1.235803700215418
COMP_44,2024-11,38272803.36,37774330.65,38312321.08,28206740.78,False,0.013024201684712989,1.0010325274484937,1.3582682246258362
COMP_44,2024-12,36123236.45,35479039.1,36368018.05,27102939.04,False,0.017833323182203445,1.006776292050653,1.3418477108507818
COMP_45,2024-01,6004252.35,5904850.51,6011530.57,5140499.81,False,0.01655524022070789,1.0012121775661211,1.169444533167966
COMP_45,2024-02,5893405.93,5611136.48,6039937.62,4449871.19,False,0.0478958098852694,1.0248636682659327,1.357328337108936
COMP_45,2024-03,5542123.37,5333739.59,5549030.59,4558288.13,False,0.03759998940622649,1.0012463129271696,1.2173494115323922
COMP_45,2024-04,5801760.41,5628331.3,5605770.16,4432742.21,False,0.029892497749661524,0.9662188308117329,1.2646277698545052
COMP_45,2024-05,5543983.29,5278078.07,5682828.24,4465039.6,False,0.047962846583543675,1.0250442583855623,1.2727383128386336
COMP_45,2024-06,5863028.42,5586607.67,5896064.84,5150183.63,False,0.04714641141036802,1.0056347023472214,1.144825916658448
COMP_45,2024-07,5695866.04,5511120.74,5546171.01,4540286.47,False,0.0324349798086192,0.9737186533270364,1.221546222931122
COMP_45,2024-08,6067384.34,5788849.01,5965611.31,4976111.18,False,0.04590698633737781,0.9832262101266523,1.1988498438554092
COMP_45,2024-09,5747670.66,5600103.06,5768930.41,4379239.88,False,0.025674331173317532,1.0036988462383474,1.3173357136728228
COMP_45,2024-10,5833756.35,5626882.33,5531504.07,4652722.53,False,0.03546154614427796,0.9481890806084147,1.1888744375920397
COMP_45,2024-11,5753658.95,5645693.27,5825409.62,4839756.07,False,0.018764699287572587,1.0124704419611106,1.2036574430790592
COMP_45,2024-12,5721610.48,5624092.39,5627497.82,4954044.66,False,0.01704381840407996,0.9835513689145787,1.135939837098716
COMP_46,2024-01,25200358.68,24184975.54,25210009.3,20053324.25,False,0.040292408250754336,1.0003829556603756,1.2571485768925033
COMP_46,2024-02,23140975.95,22244650.81,23474093.98,17016400.84,False,0.03873324711700418,1.0143951590771176,1.379498098406449
COMP_46,2024-03,23494922.35,22728907.71,23716905.33,18788476.41,False,0.03260341228580398,1.0094481257138523,1.2623111927833432
COMP_46,2024-04,26602348.18,26323445.84,25937072.54,22085954.9,False,0.010484124864198354,0.9749918452499556,1.1743694797470823
COMP_46,2024-05,25763496.97,24754741.22,25530548.42,20412642.76,False,0.03915445761010758,0.9909581936694677,1.2507222837067724
COMP_46,2024-06,23597948.42,23334435.07,24588930.95,18586893.75,False,0.011166790659507741,1.0419944358027373,1.3229176406672234
COMP_46,2024-07,24232821.23,23604864.87,23918985.94,17757672.7,False,0.02591346480213354,0.9870491641471991,1.3469661817245804
COMP_46,2024-08,22696905.65,21785157.36,21849612.03,19300896.68,False,0.04017059876177435,0.9626692011208146,1.132051596369066
COMP_46,2024-09,23830262.62,23054278.71,24207078.94,20706960.86,False,0.032562960902862266,1.0158125122668078,1.1690309328652042
COMP_46,2024-10,23139116.31,22685220.42,23145721.64,17407627.29,False,0.019615956111679052,1.0002854616361103,1.3296309672062743
COMP_46,2024-11,24172742.54,23012006.92,24504546.52,17476593.56,False,0.04801836688903887,1.0137263688408937,1.4021350919294886
COMP_46,2024-12,27121917.03,26221373.01,27999155.14,21839050.28,False,0.03320355338466278,1.032344251662951,1.2820682904683394
COMP_47,2024-01,46920615.15,44863897.75,46777788.82,40868458.57,False,0.04383398200183227,0.9969560004798872,1.144593882719715
COMP_47,2024-02,43743254.26,41865512.38,43841690.33,37144917.27,False,0.04292643315559292,1.0022503142865165,1.1802877048031797
COMP_47,2024-03,43470003.3,42521149.33,42780834.84,33841181.95,False,0.021827786932788175,0.9841461143850432,1.2641648757730557
COMP_47,2024-04,45138952.51,43539151.36,43869866.59,34009339.86,False,0.03544169860046224,0.9718849053991928,1.28993580824136
COMP_47,2024-05,44699995.07,44083040.29,45624358.12,37770233.15,False,0.013802121880189307,1.020679265144268,1.2079448048642822
COMP_47,2024-06,46618153.4,45494464.57,46677059.38,40348908.47,False,0.02410410426080923,1.0012635845846267,1.1568357111288243
COMP_47,2024-07,43586450.53,42644932.3,43543901.79,34504786.1,False,0.021601167760884065,0.9990238080990166,1.2619669747216031
COMP_47,2024-08,46441929.06,44961916.7,48691952.78,39145378.62,False,0.03186802077252041,1.0484481106952537,1.243874839193602
COMP_47,2024-09,44554922.54,42820616.35,44062749.56,34347141.19,False,0.038925130852668244,0.9889535667005561,1.282865087181217
COMP_47,2024-10,43623424.51,43169582.79,44491514.66,34544242.29,False,0.010403624316471592,1.0198996332761772,1.2879574256842838
COMP_47,2024-11,47432569.17,45742763.8,46571895.67,41462503.94,False,0.03562542361860439,0.9818547990323839,1.1232291859209604
COMP_47,2024-12,43863801.07,42355533.72,43114660.24,33065574.15,False,0.034385240521974704,0.9829212058297345,1.3039138150300706
COMP_48,2024-01,46102284.27,44422290.74,44516271.13,37078495.48,False,0.03644057027979453,0.9655979488844534,1.2005953680999961
COMP_48,2024-02,41229908.86,39647800.45,41625967.2,31810145.18,False,0.03837283306572889,1.0096060930269057,1.3085751622911908
COMP_48,2024-03,44187594.14,43670736.62,44280661.45,36787166.54,False,0.011696892081574714,1.0021061864039291,1.2036985832587426
COMP_48,2024-04,39737227.61,38868476.59,40508442.47,33385957.08,False,0.021862396353523463,1.0194078677951333,1.2133377263858351
COMP_48,2024-05,43037917.91,41731475.14,42214880.67,35735939.19,False,0.030355622052442265,0.9808764624320091,1.1813004064130657
COMP_48,2024-06,42572754.78,40737858.29,43493979.86,36177331.81,False,0.043100252719892276,1.0216388411969237,1.2022439600073989
COMP_48,2024-07,44719501.31,43029827.85,44653127.75,37264591.07,False,0.03778381713800916,0.9985157804077489,1.198272281261551
COMP_48,2024-08,43872020.24,42952337.06,43401748.03,36282213.89,False,0.020962863687810872,0.9892808170805129,1.1962265303147814
COMP_48,2024-09,40175405.99,38201145.61,39193348.88,33023181.81,False,0.04914101877380935,0.9755557638858847,1.1868434701009973
COMP_48,2024-10,44639720.71,42895099.08,45205405.56,35908121.75,False,0.03908227027973273,1.0126722309414735,1.258918653997305
COMP_48,2024-11,37829106.0,37204115.7,37772456.2,31578863.38,False,0.01652141343229198,0.9985024811318566,1.1961309230588615
COMP_48,2024-12,44790458.61,43653936.48,44736451.18,36850891.1,False,0.02537420167754792,0.9987942202050161,1.213985568072584
COMP_49,2024-01,13675410.74,13246390.93,13678126.96,9345202.84,False,0.03137162152981158,1.0001986207253033,1.4636520716063912
COMP_49,2024-02,13342590.17,13044338.23,13065877.93,10641912.44,False,0.022353376383440208,0.9792609803288292,1.2277752495983467
COMP_49,2024-03,12616034.77,12148155.29,12674049.98,9153469.34,False,0.0370860962679481,1.0045985296535451,1.3846169277039466
COMP_49,2024-04,13133342.97,12573121.42,12927931.21,10508487.98,False,0.04265643189854203,0.9843595221361984,1.2302369288871824
COMP_49,2024-05,12765370.8,12203347.14,12718600.7,10229564.39,False,0.044027209926404964,0.9963361737991974,1.2433177965149111
COMP_49,2024-06,12562724.18,12312720.91,12464153.34,9784783.8,False,0.019900402684794084,0.9921537049936251,1.2738300938412053
COMP_49,2024-07,12464935.63,12244840.92,12405129.14,10393456.57,False,0.017657107628401038,0.9952020217532402,1.1935517181314668
COMP_49,2024-08,12413226.06,12075318.08,12478927.77,10519043.13,False,0.02722160849779936,1.0052928795207972,1.186317655461723
COMP_49,2024-09,12043759.38,11882893.52,11735906.81,10380258.51,False,0.013356781294313873,0.9744388309092904,1.1305985942542203
COMP_49,2024-10,11773576.18,11621880.2,11655115.03,8682972.11,False,0.012884443747660063,0.9899383884565819,1.3422954191320766
COMP_49,2024-11,12149720.4,11648667.93,12232352.92,10007343.5,False,0.04123983544510215,1.0068011869639404,1.2223375461892014
COMP_49,2024-12,13333788.56,12672239.69,13446985.25,10554964.71,False,0.049614471312720516,1.0084894619027918,1.2739961094577539
COMP_50,2024-01,48226798.65,7992097.94,155986847.17,127925266.48,True,0.8342809773047211,3.2344433289477736,1.2193591636960006
COMP_50,2024-02,63907210.84,7696116.77,89607712.89,65091672.68,True,0.8795735775534278,1.402153398844843,1.37663863631045
COMP_50,2024-03,68786842.4,8319580.82,107176369.44,95543593.61,True,0.8790527297121579,1.558094043869064,1.121753581467014
COMP_50,2024-04,44448879.67,8002669.33,148609302.1,110325907.81,True,0.819957906939075,3.3433756531843764,1.3470027458004494
COMP_50,2024-05,73223611.5,8424359.61,155739311.2,130426730.3,True,0.8849502307052964,2.126900162524761,1.1940750921816592
COMP_50,2024-06,41965943.94,6910371.67,69363904.78,57989893.93,True,0.8353338202071667,1.6528617795222649,1.1961377902775931
COMP_50,2024-07,64225040.38,7620326.81,83843586.65,62273353.37,True,0.8813495987715563,1.3054656899228563,1.3463798039822856
COMP_50,2024-08,51955949.87,8297528.92,218780269.49,182674527.66,True,0.8402968487581998,4.210879986554271,1.1976506582217668
COMP_50,2024-09,71864004.83,7920461.58,155326996.76,125615246.76,True,0.8897854134523051,2.161401902488434,1.2365297965798479
COMP_50,2024-10,56740098.1,7328547.39,178438282.96,144396311.66,True,0.8708400648676354,3.1448356441949827,1.2357537368710811
COMP_50,2024-11,73194469.14,7754082.14,163126079.4,126547729.94,True,0.8940619116292972,2.2286667464994747,1.2890478413820228
COMP_50,2024-12,65512522.2,8105503.06,109314426.7,78722074.93,True,0.8762755151563986,1.66860354370542,1.3886120939849558
